acc,patient,cohort
190310,190310,rad_valid
190323,P-0007493,discovery
190340,190340,rad_valid
190342,P-0022011,discovery
190346,P-0015950,discovery
190351,P-0025016,discovery
190361,P-0026121,discovery
190365,P-0017106,discovery
190371,P-0006071,discovery
190400,P-0021112,discovery
190410,P-0009202,discovery
190418,190418,rad_valid
190420,P-0022377,discovery
190430,P-0013653,discovery
190435,P-0022949,discovery
190437,190437,rad_valid
190439,P-0021797,discovery
190441,190441,rad_valid
190449,190449,rad_valid
190451,P-0020076,discovery
190457,190457,rad_valid
190464,P-0002485,discovery
190468,190468,rad_valid
190476,P-0012149,discovery
190497,190497,rad_valid
190504,190504,rad_valid
190516,P-0008422,discovery
190533,P-0017253,discovery
190549,P-0026289,discovery
190566,190566,rad_valid
190568,190568,rad_valid
190583,190583,rad_valid
190587,190587,rad_valid
190591,190591,rad_valid
190601,190601,rad_valid
190605,P-0008944,discovery
190610,190610,rad_valid
190622,P-0014458,discovery
190626,P-0014207,discovery
190630,P-0019804,discovery
190640,190640,rad_valid
190647,P-0023902,discovery
190659,P-0026574,discovery
190664,190664,rad_valid
190670,P-0020347,discovery
190678,P-0016016,discovery
190685,P-0019607,discovery
190689,P-0014885,discovery
190691,190691,rad_valid
190706,190706,rad_valid
190734,P-0010514,discovery
190747,P-0004588,discovery
190749,190749,rad_valid
190755,P-0018198,discovery
190757,P-0025917,discovery
190762,P-0028723,discovery
190764,P-0015937,discovery
190782,190782,rad_valid
190784,190784,rad_valid
190794,P-0018197,discovery
190819,190819,rad_valid
190826,P-0015749,discovery
190828,190828,rad_valid
190830,P-0009110,discovery
190834,P-0020011,discovery
190836,P-0013719,discovery
190838,190838,rad_valid
190846,P-0023023,discovery
190866,P-0026552,discovery
190868,190868,rad_valid
190870,190870,rad_valid
190872,190872,rad_valid
190876,P-0031112,discovery
190883,P-0015296,discovery
190887,P-0018820,discovery
190897,190897,rad_valid
190908,P-0014285,discovery
190910,P-0020140,discovery
190916,P-0022001,discovery
190918,P-0007121,discovery
190922,P-0006663,discovery
190939,P-0010927,discovery
190941,190941,rad_valid
190960,P-0020643,discovery
190964,190964,rad_valid
190966,190966,rad_valid
190983,P-0014529,discovery
190988,P-0021442,discovery
191005,191005,rad_valid
191007,P-0013656,discovery
191026,P-0027733,discovery
191030,191030,rad_valid
191032,191032,rad_valid
191034,191034,rad_valid
191036,P-0010063,discovery
191038,191038,rad_valid
191047,191047,rad_valid
191052,P-0027455,discovery
191067,191067,rad_valid
191073,191073,rad_valid
191079,P-0014065,discovery
191083,191083,rad_valid
191085,P-0016185,discovery
191087,P-0033978,discovery
191097,191097,rad_valid
191113,P-0022301,discovery
191118,P-0017722,discovery
191120,P-0029148,discovery
191129,P-0018722,discovery
191138,P-0006607,discovery
191140,191140,rad_valid
191151,P-0023562,discovery
191157,191157,rad_valid
191166,P-0012894,discovery
191182,191182,rad_valid
191201,P-0003635,discovery
191203,P-0023464,discovery
347867,P-0016542,discovery
347868,P-0023779,discovery
347870,P-0019700,discovery
347872,P-0023260,discovery
347873,P-0015529,discovery
347876,P-0021034,discovery
347878,P-0015075,discovery
347879,P-0016175,discovery
347882,P-0010507,discovery
347883,P-0016174,discovery
347887,P-0004476,discovery
347888,P-0018599,discovery
347893,P-0031727,discovery
347897,P-0033979,discovery
347905,P-0006768,discovery
347906,P-0003250,discovery
347907,P-0000239,discovery
347908,P-0000302,discovery
347910,P-0021470,discovery
347911,P-0018511,discovery
347912,P-0009017,discovery
347914,P-0014061,discovery
347916,P-0004395,discovery
347917,P-0017184,discovery
347919,P-0002794,discovery
347921,P-0003551,discovery
347923,P-0004271,discovery
347934,P-0009256,discovery
347937,P-0012090,discovery
347939,P-0010215,discovery
347941,P-0008645,discovery
347942,P-0011260,discovery
347943,P-0009476,discovery
347946,P-0009959,discovery
347949,P-0010648,discovery
347950,P-0010840,discovery
347951,P-0010980,discovery
347952,P-0011537,discovery
347953,P-0014451,discovery
347954,P-0012341,discovery
347955,P-0018366,discovery
347956,P-0018179,discovery
347958,P-0013831,discovery
347959,P-0014736,discovery
347960,P-0013406,discovery
347964,P-0014293,discovery
347966,P-0015348,discovery
347968,P-0014764,discovery
347969,P-0014319,discovery
347970,P-0014328,discovery
347971,P-0020755,discovery
347972,P-0029465,discovery
347973,P-0015213,discovery
347976,P-0025245,discovery
347977,P-0027726,discovery
347978,P-0025956,discovery
347979,P-0017735,discovery
347981,P-0017048,discovery
347982,P-0017781,discovery
347983,P-0020422,discovery
347984,P-0017637,discovery
347985,P-0019262,discovery
347986,P-0022291,discovery
347988,P-0021291,discovery
347989,P-0017484,discovery
347990,P-0019599,discovery
347991,P-0018078,discovery
347992,P-0018763,discovery
347994,P-0019605,discovery
347995,P-0018979,discovery
347996,P-0018960,discovery
347997,P-0019298,discovery
347998,P-0019098,discovery
347999,P-0034908,discovery
348001,P-0019647,discovery
348002,P-0032126,discovery
348005,P-0023408,discovery
348006,P-0021231,discovery
348007,P-0021375,discovery
348008,P-0027713,discovery
348009,P-0021094,discovery
348011,P-0025018,discovery
348013,P-0021769,discovery
348014,P-0024467,discovery
348016,P-0022033,discovery
348017,P-0022808,discovery
348018,P-0023014,discovery
348021,P-0023568,discovery
348023,P-0023596,discovery
348024,P-0023598,discovery
348025,P-0023926,discovery
348026,P-0025354,discovery
348028,P-0035638,discovery
348032,P-0024561,discovery
348033,P-0024980,discovery
348034,P-0024764,discovery
348036,P-0025598,discovery
348038,P-0025465,discovery
348039,P-0027673,discovery
348040,P-0027343,discovery
348041,P-0026521,discovery
348042,P-0027133,discovery
348043,P-0029298,discovery
348047,P-0028173,discovery
348049,P-0026958,discovery
348050,P-0027742,discovery
348051,P-0027259,discovery
348052,P-0027855,discovery
348053,P-0028473,discovery
348054,P-0031665,discovery
348055,P-0028204,discovery
348056,P-0028930,discovery
348059,P-0045298,discovery
348060,P-0029975,discovery
348062,P-0032455,discovery
348063,P-0029593,discovery
348064,P-0030125,discovery
348066,P-0030654,discovery
348067,P-0032182,discovery
348069,P-0039832,discovery
