slide,patient,cohort
1012132,1012132,path_valid
1044109,1044109,path_valid
1049318,1049318,path_valid
1049320,P-0029465,discovery
1059018,1059018,path_valid
1065326,P-0030654,discovery
1080598,P-0025465,discovery
1087657,1087657,path_valid
1179308,1179308,path_valid
1924596,1924596,path_valid
1925389,1925389,path_valid
2215102,P-0027133,discovery
2230621,2230621,path_valid
2255170,2255170,path_valid
2294622,2294622,path_valid
2359747,P-0022291,discovery
2412870,2412870,path_valid
2413722,2413722,path_valid
2810900,2810900,path_valid
3343292,P-0016175,discovery
3369204,P-0002485,discovery
3369223,P-0028723,discovery
3369264,P-0012894,discovery
3369277,P-0020140,discovery
3369288,3369288,path_valid
3369302,P-0016692,discovery
3369314,P-0023023,discovery
3369367,P-0013656,discovery
3369379,P-0006607,discovery
3369397,P-0007493,discovery
3369480,P-0022001,discovery
3369510,P-0010514,discovery
3369521,P-0013719,discovery
3369552,P-0019390,discovery
3369564,P-0018722,discovery
3369570,P-0012056,discovery
3369583,P-0022377,discovery
3369596,P-0026121,discovery
3369610,P-0014065,discovery
3369634,P-0017253,discovery
3369660,P-0015987,discovery
3369672,P-0020347,discovery
3369684,P-0016224,discovery
3369752,P-0014207,discovery
3369766,P-0016185,discovery
3369788,3369788,path_valid
3369798,P-0027733,discovery
3369815,P-0010063,discovery
3369827,P-0023464,discovery
3369844,P-0021696,discovery
3369855,P-0018197,discovery
3393878,P-0006663,discovery
3578868,P-0004588,discovery
3578873,P-0009068,discovery
3578891,P-0009473,discovery
3687318,P-0045298,discovery
3687322,P-0014319,discovery
3687335,P-0002794,discovery
3687340,P-0026574,discovery
3687358,P-0017781,discovery
3687366,P-0033892,discovery
3687377,P-0029593,discovery
3687381,P-0039832,discovery
3687393,P-0022304,discovery
3687400,P-0006046,discovery
3687409,P-0025777,discovery
3687415,P-0019098,discovery
3687687,P-0010980,discovery
3687693,P-0027664,discovery
3687700,P-0012679,discovery
3687711,P-0011260,discovery
3687726,P-0015075,discovery
3687736,P-0015529,discovery
3687742,P-0017184,discovery
3687747,P-0012476,discovery
3687755,P-0023779,discovery
3687759,P-0025354,discovery
3687766,P-0035638,discovery
3687770,P-0027343,discovery
3687775,P-0027742,discovery
3687783,P-0031665,discovery
3687793,P-0003275,discovery
3687799,P-0028239,discovery
3687807,P-0032455,discovery
3687819,P-0040848,discovery
3687824,P-0006516,discovery
3687829,P-0009110,discovery
3687836,P-0009017,discovery
3687840,P-0044186,discovery
3687847,P-0017048,discovery
3687859,P-0004271,discovery
3687864,P-0018366,discovery
3687871,P-0017735,discovery
3687878,P-0005783,discovery
3687897,P-0022033,discovery
3687900,P-0021833,discovery
3690195,P-0018763,discovery
3755985,P-0027855,discovery
3756001,P-0030125,discovery
3756012,P-0009476,discovery
3756023,P-0016174,discovery
3756036,P-0025018,discovery
3756049,P-0009483,discovery
3756068,P-0027713,discovery
3756072,P-0028173,discovery
3756078,P-0017613,discovery
3756089,P-0014061,discovery
3756102,P-0014293,discovery
3756109,P-0014451,discovery
3756115,P-0019914,discovery
3756121,P-0030323,discovery
3756130,P-0003551,discovery
3756135,P-0032182,discovery
3756140,P-0023926,discovery
3756144,P-0021442,discovery
3756170,P-0003735,discovery
3756192,P-0006071,discovery
3756226,P-0018517,discovery
3756240,P-0033979,discovery
3756249,P-0011537,discovery
3756254,P-0010507,discovery
3756262,P-0020422,discovery
3756275,P-0018557,discovery
3756282,P-0024561,discovery
3756290,P-0021375,discovery
3756305,P-0027673,discovery
3756320,P-0009952,discovery
3756353,P-0017910,discovery
3756362,P-0024467,discovery
4289817,P-0018078,discovery
4289840,P-0018179,discovery
4289870,P-0025598,discovery
4289891,P-0021266,discovery
4289913,P-0026552,discovery
4289933,P-0023598,discovery
4289968,P-0027259,discovery
4289971,P-0029975,discovery
4290019,P-0032126,discovery
4290932,P-0028712,discovery
4290937,P-0018511,discovery
4346318,P-0027726,discovery
453907,P-0013653,discovery
4584939,P-0019804,discovery
459288,P-0013406,discovery
4617573,4617573,path_valid
489167,489167,path_valid
489612,489612,path_valid
489645,P-0003247,discovery
489997,P-0014885,discovery
490063,P-0015937,discovery
499921,P-0015296,discovery
501079,501079,path_valid
504914,504914,path_valid
504928,504928,path_valid
509485,509485,path_valid
512406,P-0015693,discovery
513150,513150,path_valid
514599,P-0016016,discovery
524041,P-0015950,discovery
527050,527050,path_valid
529911,529911,path_valid
554968,P-0017484,discovery
561145,561145,path_valid
565806,P-0021291,discovery
571802,571802,path_valid
573121,573121,path_valid
577634,577634,path_valid
581421,P-0034908,discovery
583912,583912,path_valid
590582,590582,path_valid
593979,593979,path_valid
597881,P-0019599,discovery
604979,604979,path_valid
617264,617264,path_valid
617764,617764,path_valid
619666,619666,path_valid
619709,619709,path_valid
622949,622949,path_valid
627662,P-0021470,discovery
642622,P-0014285,discovery
645588,P-0021231,discovery
646114,646114,path_valid
647333,647333,path_valid
675423,P-0022103,discovery
679437,P-0021034,discovery
679930,P-0021797,discovery
679934,679934,path_valid
679967,P-0031112,discovery
679972,P-0020643,discovery
680044,680044,path_valid
682887,P-0022301,discovery
685813,P-0022808,discovery
697778,697778,path_valid
699000,699000,path_valid
702872,702872,path_valid
704652,P-0010927,discovery
713257,713257,path_valid
718022,P-0022949,discovery
719011,719011,path_valid
719526,719526,path_valid
729387,729387,path_valid
732453,P-0025657,discovery
733242,733242,path_valid
738773,738773,path_valid
763263,763263,path_valid
877691,P-0025245,discovery
878585,878585,path_valid
885123,885123,path_valid
894959,894959,path_valid
902338,902338,path_valid
926581,926581,path_valid
935685,P-0026289,discovery
952206,952206,path_valid
952907,952907,path_valid
955209,P-0033978,discovery
959451,959451,path_valid
959478,P-0026958,discovery
964863,964863,path_valid
982199,982199,path_valid
982728,982728,path_valid
982742,P-0024980,discovery
986750,986750,path_valid
986829,986829,path_valid
986860,986860,path_valid
987037,P-0031727,discovery
987422,987422,path_valid
987678,987678,path_valid
987842,P-0008422,discovery
988311,P-0027455,discovery
988693,988693,path_valid
988730,P-0001987,discovery
991962,P-0027088,discovery
996223,P-0028320,discovery
999906,999906,path_valid
